Workbook

Sheet README
A1: PERT + Crashing Analysis Tool
A2: OPSMGT 357 — ANZ Analytics Innovation Conference (2026)
A4: How to use this workbook
A6: 1. Inputs sheet | B6: Task data is already filled in from the case. The yellow column 'Crash Days Applied' is your control. Set values 0 to Max Crash for each task to test scenarios.
A7: 2. Network Paths sheet | B7: Lists all 5 paths from start to finish. Each path's length and variance recalculates from Inputs. Critical path is auto-highlighted (the longest one).
A8: 3. Project Summary sheet | B8: Shows current project duration, direct cost, indirect cost, total cost, and probability of finishing by your target date. Set the target on this sheet.
A9: 4. Crashing Log sheet | B9: Use this to record your crashing decisions step by step for Scenarios 1, 2, 3. Each row = 1 crash decision.
A10: 5. Cost-Time Tradeoff sheet | B10: After running crashing analysis, fill in this table to plot the cost vs duration curve (for Scenario 2).
A11: 6. Scenario Notes sheet | B11: Brief reminders of what each scenario asks. Use this as your checklist.
A13: Color conventions
A14: Yellow cells with blue text | B14: Inputs you can change.
A15: Black text | B15: Formulas — do not type over these.
A16: Green text | B16: Links pulling values from another sheet.
A17: Red highlight | B17: Critical path or warning.
A18: Green highlight | B18: Result / output cell.
A20: Important conventions (from case study)
A21: Expected Time | B21: Rounded UP to nearest whole day (conservative).
A22: Standard Deviation | B22: Rounded to 1 decimal.
A23: Indirect Cost | B23: $4,200 per day saved. Original plan = $90,000 total.
A25: What this tool does NOT do for you
B26: • Identify which crashing strategy is optimal — you must reason through it.
B27: • Decide whether the 45-day deadline is feasible — you must interpret results.
B28: • Write the literature review, recommendations, or report.
B29: • Verify your own arithmetic — always cross-check with hand calculations.
A31: Suggested workflow for your group of 4
A32: Step 1 (together) | B32: Verify baseline: keep all 'Crash Days Applied' = 0. Confirm CP duration = 46 days. Each person hand-verifies a few rows.
A33: Step 2 (Scenario 1) | B33: Crash critical path tasks until P(≤45 days) ≥ 95%. Log each step in Crashing Log.
A34: Step 3 (Scenario 2) | B34: Continue crashing one cheapest day at a time. Build Cost-Time table. Find minimum total cost.
A35: Step 4 (Scenario 3) | B35: Crash everything possible. Record min duration + total cost.
A36: Step 5 (Scenarios 4 & 5) | B36: Modify Task 4 ET (subtract 7, set Max Crash to 0) for Scenario 4. For Scenario 5, change Task 8 Max Crash from 2 to 5. Re-run analysis.
A37: Step 6 (write-up) | B37: Each person drafts their assigned section. D-person integrates.

Sheet Inputs
A1: Task Inputs — ANZ Analytics Innovation Conference
A2: Modify the YELLOW 'Crash Days Applied' column to test scenarios. All other columns auto-calculate.
A4: Task ID | B4: Task Name | C4: Predecessors | D4: a | E4: m | F4: b | G4: ET (rounded up) | H4: σ (1 dp) | I4: σ² (Variance) | J4: Normal Cost ($) | K4: Max Crash (days) | L4: Crash $/day | M4: Crash Days Applied | N4: Crashed Duration | O4: Crash Cost ($)
A5: 1 | B5: Initial Project Kick-Off | C5: — | D5: 1 | E5: 2 | F5: 3 | G5: =ROUNDUP((D5+4*E5+F5)/6,0) -> 2 | H5: =ROUND((F5-D5)/6,1) -> 0.3 | I5: =H5^2 -> 0.09 | J5: 3000 | K5: 0 | L5: — | M5: 0 | N5: =G5-M5 -> 2 | O5: 0
A6: 2 | B6: Define Conference Themes & Tracks | C6: 1 | D6: 4 | E6: 6 | F6: 10 | G6: =ROUNDUP((D6+4*E6+F6)/6,0) -> 7 | H6: =ROUND((F6-D6)/6,1) -> 1 | I6: =H6^2 -> 1 | J6: 8000 | K6: 2 | L6: 4000 | M6: 2 | N6: =G6-M6 -> 5 | O6: =M6*L6 -> 8000
A7: 3 | B7: Keynote Speaker Identification | C7: 1 | D7: 3 | E7: 6 | F7: 12 | G7: =ROUNDUP((D7+4*E7+F7)/6,0) -> 7 | H7: =ROUND((F7-D7)/6,1) -> 1.5 | I7: =H7^2 -> 2.25 | J7: 10000 | K7: 2 | L7: 5000 | M7: 2 | N7: =G7-M7 -> 5 | O7: =M7*L7 -> 10000
A8: 4 | B8: Venue Booking & Contracting | C8: 1 | D8: 5 | E8: 8 | F8: 14 | G8: =ROUNDUP((D8+4*E8+F8)/6,0) -> 9 | H8: =ROUND((F8-D8)/6,1) -> 1.5 | I8: =H8^2 -> 2.25 | J8: 18000 | K8: 3 | L8: 6000 | M8: 3 | N8: =G8-M8 -> 6 | O8: =M8*L8 -> 18000
A9: 5 | B9: Hybrid Technical Setup | C9: 4 | D9: 6 | E9: 10 | F9: 16 | G9: =ROUNDUP((D9+4*E9+F9)/6,0) -> 11 | H9: =ROUND((F9-D9)/6,1) -> 1.7 | I9: =H9^2 -> 2.89 | J9: 22000 | K9: 3 | L9: 7000 | M9: 3 | N9: =G9-M9 -> 8 | O9: =M9*L9 -> 21000
A10: 6 | B10: Sponsorship Package Development | C10: 2 | D10: 3 | E10: 5 | F10: 9 | G10: =ROUNDUP((D10+4*E10+F10)/6,0) -> 6 | H10: =ROUND((F10-D10)/6,1) -> 1 | I10: =H10^2 -> 1 | J10: 6000 | K10: 1 | L10: 3000 | M10: 1 | N10: =G10-M10 -> 5 | O10: =M10*L10 -> 3000
A11: 7 | B11: Sponsor Outreach & Negotiation | C11: 6 | D11: 5 | E11: 9 | F11: 18 | G11: =ROUNDUP((D11+4*E11+F11)/6,0) -> 10 | H11: =ROUND((F11-D11)/6,1) -> 2.2 | I11: =H11^2 -> 4.84 | J11: 12000 | K11: 3 | L11: 4000 | M11: 3 | N11: =G11-M11 -> 7 | O11: =M11*L11 -> 12000
A12: 8 | B12: Keynote Speaker Confirmation | C12: 3 | D12: 4 | E12: 7 | F12: 13 | G12: =ROUNDUP((D12+4*E12+F12)/6,0) -> 8 | H12: =ROUND((F12-D12)/6,1) -> 1.5 | I12: =H12^2 -> 2.25 | J12: 14000 | K12: 2 | L12: 6000 | M12: 2 | N12: =G12-M12 -> 6 | O12: =M12*L12 -> 12000
A13: 9 | B13: Marketing Plan Development | C13: 2, 8 | D13: 4 | E13: 7 | F13: 11 | G13: =ROUNDUP((D13+4*E13+F13)/6,0) -> 8 | H13: =ROUND((F13-D13)/6,1) -> 1.2 | I13: =H13^2 -> 1.44 | J13: 9000 | K13: 1 | L13: 4000 | M13: 1 | N13: =G13-M13 -> 7 | O13: =M13*L13 -> 4000
A14: 10 | B14: Promotional Campaign Execution | C14: 9 | D14: 7 | E14: 12 | F14: 20 | G14: =ROUNDUP((D14+4*E14+F14)/6,0) -> 13 | H14: =ROUND((F14-D14)/6,1) -> 2.2 | I14: =H14^2 -> 4.84 | J14: 15000 | K14: 3 | L14: 5000 | M14: 3 | N14: =G14-M14 -> 10 | O14: =M14*L14 -> 15000
A15: 11 | B15: Catering & Layout Planning | C15: 4 | D15: 6 | E15: 9 | F15: 14 | G15: =ROUNDUP((D15+4*E15+F15)/6,0) -> 10 | H15: =ROUND((F15-D15)/6,1) -> 1.3 | I15: =H15^2 -> 1.69 | J15: 11000 | K15: 2 | L15: 4000 | M15: 2 | N15: =G15-M15 -> 8 | O15: =M15*L15 -> 8000
A16: 12 | B16: Volunteer Recruitment & Training | C16: 11 | D16: 4 | E16: 7 | F16: 13 | G16: =ROUNDUP((D16+4*E16+F16)/6,0) -> 8 | H16: =ROUND((F16-D16)/6,1) -> 1.5 | I16: =H16^2 -> 2.25 | J16: 8000 | K16: 2 | L16: 3500 | M16: 2 | N16: =G16-M16 -> 6 | O16: =M16*L16 -> 7000
A17: 13 | B17: On-Site Logistics Preparation | C17: 5, 7, 12 | D17: 5 | E17: 9 | F17: 15 | G17: =ROUNDUP((D17+4*E17+F17)/6,0) -> 10 | H17: =ROUND((F17-D17)/6,1) -> 1.7 | I17: =H17^2 -> 2.89 | J17: 20000 | K17: 3 | L17: 6000 | M17: 3 | N17: =G17-M17 -> 7 | O17: =M17*L17 -> 18000
A18: 14 | B18: Conference Delivery Day | C18: 13, 10 | D18: 1 | E18: 1 | F18: 1 | G18: =ROUNDUP((D18+4*E18+F18)/6,0) -> 1 | H18: =ROUND((F18-D18)/6,1) -> 0 | I18: =H18^2 -> 0 | J18: 30000 | K18: 0 | L18: — | M18: 0 | N18: =G18-M18 -> 1 | O18: 0
A19: 15 | B19: Post-Event Feedback & Reporting | C19: 14 | D19: 3 | E19: 5 | F19: 8 | G19: =ROUNDUP((D19+4*E19+F19)/6,0) -> 6 | H19: =ROUND((F19-D19)/6,1) -> 0.8 | I19: =H19^2 -> 0.64 | J19: 6000 | K19: 1 | L19: 2000 | M19: 1 | N19: =G19-M19 -> 5 | O19: =M19*L19 -> 2000
B21: TOTALS | I21: Direct cost → | J21: =SUM(J5:J19) -> 192000 | N21: Crash cost → | O21: =SUM(O5:O19) -> 138000
I22: TOTAL DIRECT COST → | J22: =J21+O21 -> 330000

Sheet Network Paths
A1: Network Paths & Critical Path Identification
A2: All 5 paths from start (Task 1) to finish (Task 15). Path length = sum of crashed durations along that path. Critical path = the longest one.
A4: Path | B4: Route | C4: T1 | D4: T2 | E4: T3 | F4: T4 | G4: T5 | H4: T6 | I4: T7 | J4: T8 | K4: T9 | L4: T10 | M4: T11 | N4: T12 | O4: T13 | P4: T14 | Q4: T15 | R4: Length (days) | S4: Variance | T4: Std Dev | U4: Critical?
A5: Path A | B5: 1→2→6→7→13→14→15 | C5: 1 | D5: 1 | E5: 0 | F5: 0 | G5: 0 | H5: 1 | I5: 1 | J5: 0 | K5: 0 | L5: 0 | M5: 0 | N5: 0 | O5: 1 | P5: 1 | Q5: 1 | R5: =C5*Inputs!N5+D5*Inputs!N6+E5*Inputs!N7+F5*Inputs!N8+G5*Inputs!N9+H5*Inputs!N10+I5*Inputs!N11+J5*Inputs!N12+K5*Inputs!N13+L5*Inputs!N14+M5*Inputs!N15+N5*Inputs!N16+O5*Inputs!N17+P5*Inputs!N18+Q5*Inputs!N19 -> 32 | S5: =C5*Inputs!I5+D5*Inputs!I6+E5*Inputs!I7+F5*Inputs!I8+G5*Inputs!I9+H5*Inputs!I10+I5*Inputs!I11+J5*Inputs!I12+K5*Inputs!I13+L5*Inputs!I14+M5*Inputs!I15+N5*Inputs!I16+O5*Inputs!I17+P5*Inputs!I18+Q5*Inputs!I19 -> 10.46 | T5: =SQRT(S5) -> 3.2341923 | U5: =IF(R5=MAX($R$5:$R$9),"CRITICAL","")
A6: Path B | B6: 1→2→9→10→14→15 | C6: 1 | D6: 1 | E6: 0 | F6: 0 | G6: 0 | H6: 0 | I6: 0 | J6: 0 | K6: 1 | L6: 1 | M6: 0 | N6: 0 | O6: 0 | P6: 1 | Q6: 1 | R6: =C6*Inputs!N5+D6*Inputs!N6+E6*Inputs!N7+F6*Inputs!N8+G6*Inputs!N9+H6*Inputs!N10+I6*Inputs!N11+J6*Inputs!N12+K6*Inputs!N13+L6*Inputs!N14+M6*Inputs!N15+N6*Inputs!N16+O6*Inputs!N17+P6*Inputs!N18+Q6*Inputs!N19 -> 30 | S6: =C6*Inputs!I5+D6*Inputs!I6+E6*Inputs!I7+F6*Inputs!I8+G6*Inputs!I9+H6*Inputs!I10+I6*Inputs!I11+J6*Inputs!I12+K6*Inputs!I13+L6*Inputs!I14+M6*Inputs!I15+N6*Inputs!I16+O6*Inputs!I17+P6*Inputs!I18+Q6*Inputs!I19 -> 8.01 | T6: =SQRT(S6) -> 2.8301943 | U6: =IF(R6=MAX($R$5:$R$9),"CRITICAL","")
A7: Path C | B7: 1→3→8→9→10→14→15 | C7: 1 | D7: 0 | E7: 1 | F7: 0 | G7: 0 | H7: 0 | I7: 0 | J7: 1 | K7: 1 | L7: 1 | M7: 0 | N7: 0 | O7: 0 | P7: 1 | Q7: 1 | R7: =C7*Inputs!N5+D7*Inputs!N6+E7*Inputs!N7+F7*Inputs!N8+G7*Inputs!N9+H7*Inputs!N10+I7*Inputs!N11+J7*Inputs!N12+K7*Inputs!N13+L7*Inputs!N14+M7*Inputs!N15+N7*Inputs!N16+O7*Inputs!N17+P7*Inputs!N18+Q7*Inputs!N19 -> 36 | S7: =C7*Inputs!I5+D7*Inputs!I6+E7*Inputs!I7+F7*Inputs!I8+G7*Inputs!I9+H7*Inputs!I10+I7*Inputs!I11+J7*Inputs!I12+K7*Inputs!I13+L7*Inputs!I14+M7*Inputs!I15+N7*Inputs!I16+O7*Inputs!I17+P7*Inputs!I18+Q7*Inputs!I19 -> 11.51 | T7: =SQRT(S7) -> 3.3926391 | U7: =IF(R7=MAX($R$5:$R$9),"CRITICAL","") -> CRITICAL
A8: Path D | B8: 1→4→5→13→14→15 | C8: 1 | D8: 0 | E8: 0 | F8: 1 | G8: 1 | H8: 0 | I8: 0 | J8: 0 | K8: 0 | L8: 0 | M8: 0 | N8: 0 | O8: 1 | P8: 1 | Q8: 1 | R8: =C8*Inputs!N5+D8*Inputs!N6+E8*Inputs!N7+F8*Inputs!N8+G8*Inputs!N9+H8*Inputs!N10+I8*Inputs!N11+J8*Inputs!N12+K8*Inputs!N13+L8*Inputs!N14+M8*Inputs!N15+N8*Inputs!N16+O8*Inputs!N17+P8*Inputs!N18+Q8*Inputs!N19 -> 29 | S8: =C8*Inputs!I5+D8*Inputs!I6+E8*Inputs!I7+F8*Inputs!I8+G8*Inputs!I9+H8*Inputs!I10+I8*Inputs!I11+J8*Inputs!I12+K8*Inputs!I13+L8*Inputs!I14+M8*Inputs!I15+N8*Inputs!I16+O8*Inputs!I17+P8*Inputs!I18+Q8*Inputs!I19 -> 8.76 | T8: =SQRT(S8) -> 2.9597297 | U8: =IF(R8=MAX($R$5:$R$9),"CRITICAL","")
A9: Path E | B9: 1→4→11→12→13→14→15 | C9: 1 | D9: 0 | E9: 0 | F9: 1 | G9: 0 | H9: 0 | I9: 0 | J9: 0 | K9: 0 | L9: 0 | M9: 1 | N9: 1 | O9: 1 | P9: 1 | Q9: 1 | R9: =C9*Inputs!N5+D9*Inputs!N6+E9*Inputs!N7+F9*Inputs!N8+G9*Inputs!N9+H9*Inputs!N10+I9*Inputs!N11+J9*Inputs!N12+K9*Inputs!N13+L9*Inputs!N14+M9*Inputs!N15+N9*Inputs!N16+O9*Inputs!N17+P9*Inputs!N18+Q9*Inputs!N19 -> 35 | S9: =C9*Inputs!I5+D9*Inputs!I6+E9*Inputs!I7+F9*Inputs!I8+G9*Inputs!I9+H9*Inputs!I10+I9*Inputs!I11+J9*Inputs!I12+K9*Inputs!I13+L9*Inputs!I14+M9*Inputs!I15+N9*Inputs!I16+O9*Inputs!I17+P9*Inputs!I18+Q9*Inputs!I19 -> 9.81 | T9: =SQRT(S9) -> 3.132092 | U9: =IF(R9=MAX($R$5:$R$9),"CRITICAL","")
A11: Project Duration (Critical Path): | D11: =MAX(R5:R9) -> 36
A12: Critical Path Variance (max-variance critical path): | D12: {=INDEX(S5:S9,MATCH(MAX(R5:R9),R5:R9,0))} -> 11.51
A13: Critical Path Std Dev: | D13: =SQRT(D12) -> 3.3926391

Sheet Project Summary
A1: Project Summary — Duration, Cost, Probability
A2: All values update automatically when you change Crash Days Applied in the Inputs sheet.
A4: INPUTS
A5: Target Project Duration (days) | B5: 45 | C5: ← Change to test probability of finishing by other dates
A6: Baseline Project Duration (days) | B6: 46 | C6: ← Original CP duration (set Crash Days = 0 and read from Network Paths)
A7: Indirect Cost per Day Saved ($) | B7: 4200
A8: Total Indirect Cost (baseline) | B8: 90000
A10: CURRENT PROJECT STATE
A11: Current Project Duration (days) | B11: ='Network Paths'!D11 -> 36
A12: Critical Path Variance | B12: ='Network Paths'!D12 -> 11.51
A13: Critical Path Std Dev | B13: ='Network Paths'!D13 -> 3.3926391
A15: PROBABILITY ANALYSIS
A16: Z-value = (Target − CP Duration) / σ_CP | B16: =(B5-B11)/B13 -> 2.6528021
A17: P(Project ≤ Target Days) | B17: =NORMDIST(B16,0,1,TRUE()) -> 0.99600867
C18: ↑ If this is below 95% for Scenario 1, you need more crashing.
A20: COST ANALYSIS
A21: Total Normal Direct Cost | B21: =Inputs!J21 -> 192000
A22: Total Crash Cost Applied | B22: =Inputs!O21 -> 138000
A23: TOTAL DIRECT COST | B23: =B21+B22 -> 330000
A24: Days Saved (vs baseline) | B24: =B6-B11 -> 10
A25: Indirect Cost Saved | B25: =B24*B7 -> 42000
A26: Current Indirect Cost | B26: =B8-B25 -> 48000
A27: TOTAL PROJECT COST (Direct + Indirect) | B27: =B23+B26 -> 378000

Sheet Crashing Log
A1: Crashing Decision Log
A2: Record your step-by-step crashing decisions here. Use one row per crash step. At each step: identify the cheapest crashable task on the critical path, crash it 1 day, and check the new state in Project Summary.
A4: Reminders for crashing logic:
A5: 1. Only crash tasks that are ON the critical path.
A6: 2. If multiple paths are critical, you may need to crash one task on EACH critical path that day (or one task that is on multiple critical paths).
A7: 3. Always pick the cheapest $/day option among eligible tasks.
A8: 4. Stop crashing when: (a) target probability reached, (b) all critical-path tasks at max crash, or (c) marginal cost of crashing > $4,200 (indirect savings).
A9: 5. Record each step below so you can write it up in your report.
A11: Step | B11: Task Crashed | C11: Days Crashed (this step) | D11: Crash $/day | E11: Step Cost | F11: Cumulative Crash Cost | G11: New CP Duration | H11: P(≤ target)
A12: 1
A13: 2
A14: 3
A15: 4
A16: 5
A17: 6
A18: 7
A19: 8
A20: 9
A21: 10
A22: 11
A23: 12
... A26: 15

Sheet Cost-Time Tradeoff
A1: Cost–Time Tradeoff Table (for Scenario 2)
A2: Fill this in as you crash. For each project duration achievable, record the direct and indirect costs. Total cost minimum = optimum point.
A4: Project Duration (days) | B4: Cumulative Crash Cost ($) | C4: Total Direct Cost ($) | D4: Indirect Cost ($) | E4: Total Cost ($) | F4: Notes
A5: 46 | C5: =192000+B5 -> 192000 | D5: ='Project Summary'!$B$8-('Project Summary'!$B$6-A5)*'Project Summary'!$B$7 -> 90000 | E5: =C5+D5 -> 282000
A6: 45 | C6: =192000+B6 -> 192000 | D6: ='Project Summary'!$B$8-('Project Summary'!$B$6-A6)*'Project Summary'!$B$7 -> 85800 | E6: =C6+D6 -> 277800
A7: 44 | C7: =192000+B7 -> 192000 | D7: ='Project Summary'!$B$8-('Project Summary'!$B$6-A7)*'Project Summary'!$B$7 -> 81600 | E7: =C7+D7 -> 273600
A8: 43 | C8: =192000+B8 -> 192000 | D8: ='Project Summary'!$B$8-('Project Summary'!$B$6-A8)*'Project Summary'!$B$7 -> 77400 | E8: =C8+D8 -> 269400
A9: 42 | C9: =192000+B9 -> 192000 | D9: ='Project Summary'!$B$8-('Project Summary'!$B$6-A9)*'Project Summary'!$B$7 -> 73200 | E9: =C9+D9 -> 265200
A10: 41 | C10: =192000+B10 -> 192000 | D10: ='Project Summary'!$B$8-('Project Summary'!$B$6-A10)*'Project Summary'!$B$7 -> 69000 | E10: =C10+D10 -> 261000
A11: 40 | C11: =192000+B11 -> 192000 | D11: ='Project Summary'!$B$8-('Project Summary'!$B$6-A11)*'Project Summary'!$B$7 -> 64800 | E11: =C11+D11 -> 256800
A12: 39 | C12: =192000+B12 -> 192000 | D12: ='Project Summary'!$B$8-('Project Summary'!$B$6-A12)*'Project Summary'!$B$7 -> 60600 | E12: =C12+D12 -> 252600
A13: 38 | C13: =192000+B13 -> 192000 | D13: ='Project Summary'!$B$8-('Project Summary'!$B$6-A13)*'Project Summary'!$B$7 -> 56400 | E13: =C13+D13 -> 248400
A14: 37 | C14: =192000+B14 -> 192000 | D14: ='Project Summary'!$B$8-('Project Summary'!$B$6-A14)*'Project Summary'!$B$7 -> 52200 | E14: =C14+D14 -> 244200
A15: 36 | C15: =192000+B15 -> 192000 | D15: ='Project Summary'!$B$8-('Project Summary'!$B$6-A15)*'Project Summary'!$B$7 -> 48000 | E15: =C15+D15 -> 240000
A16: 35 | C16: =192000+B16 -> 192000 | D16: ='Project Summary'!$B$8-('Project Summary'!$B$6-A16)*'Project Summary'!$B$7 -> 43800 | E16: =C16+D16 -> 235800
A17: 34 | C17: =192000+B17 -> 192000 | D17: ='Project Summary'!$B$8-('Project Summary'!$B$6-A17)*'Project Summary'!$B$7 -> 39600 | E17: =C17+D17 -> 231600
A19: Minimum Total Cost: | E19: =MIN(E5:E17) -> 231600
A20: Optimum Project Duration (days): | E20: {=INDEX(A5:A17,MATCH(MIN(E5:E17),E5:E17,0))} -> 34

Sheet Scenario Notes
A1: Scenario Analysis Guide
A2: Reminder of what each scenario asks. Tick off as you complete.
A4: Baseline
A5: What to do: | B5: Set all Crash Days Applied = 0 in Inputs sheet.
A6: Report deliverable: | B6: Expected CP duration ≈ 46 days. P(≤45) ≈ 37%. This is your starting point.
A8: Scenario 1: 95% confidence in 45 days
A9: What to do: | B9: Crash critical-path tasks (cheapest $/day first) until P(≤45 days) in Project Summary ≥ 95%.
A10: Report deliverable: | B10: Report: (a) which tasks crashed, (b) days each crashed, (c) total crash cost, (d) new ET and probability, (e) whether 45 days is realistic.
A12: Scenario 2: Cost–Time Optimum
A13: What to do: | B13: From baseline, crash one day at a time. After each crash, check if marginal crash cost < $4,200 indirect savings. Continue until marginal crash cost > $4,200. Fill Cost-Time Tradeoff sheet.
A14: Report deliverable: | B14: Report: (a) optimum duration, (b) minimum total cost, (c) which tasks crashed and by how much, (d) graph (you can chart Cost-Time Tradeoff sheet).
A16: Scenario 3: Minimum Duration
A17: What to do: | B17: Crash every eligible task by its max amount (set Crash Days Applied = Max Crash for tasks with crash capacity).
A18: Report deliverable: | B18: Report: (a) min possible duration, (b) total direct cost, (c) total indirect cost, (d) total cost, (e) cost-benefit judgment.
A20: Scenario 4: Task 4 reduced by 7 days, no crash
A21: What to do: | B21: In Inputs: override Task 4 ET by editing a/m/b so ET drops by 7 (or temporarily hard-code Crashed Duration = original ET − 7 via Crash Days Applied = 7, and treat crash cost as 0 by NOT including it; simplest is to override Crash Days Applied = 7 and set Crash $/day to 0 temporarily). Then re-check critical path.
A22: Report deliverable: | B22: Report: (a) new network and CP, (b) does optimum point change, (c) is 45-day target now easier?
A24: Scenario 5: Task 8 can be crashed 3 more days
A25: What to do: | B25: In Inputs: change Task 8 Max Crash from 2 to 5. Crash cost per day stays the same.
A26: Report deliverable: | B26: Report: (a) new optimum duration, (b) new min total cost, (c) does CP change, (d) impact on 45-day target.
